ID,RelapseFreeSurvival (outcome)
TRG002728,57.59561226415067
TRG002649,33.8557264576075
TRG002628,54.56577364260909
TRG002174,64.08741726192449
TRG002178,71.03937561612153
TRG002204,73.50721095101585
TRG002206,45.683958251429516
TRG002210,89.87220461265434
TRG002225,48.03190739777404
TRG002228,30.329860944704873
TRG002234,45.88479642064993
TRG002237,75.6009709348098
TRG002241,80.69400499980301
TRG002244,87.17191153697789
TRG002245,64.82641497350158
